"location_name","year","real_gdp_lc","population","real_gdp_usd"
"Argentina",1990,461383067200.954,33120727.8523932,265817211208.207
"Argentina",1991,503521692862.146,33524923.4557365,290094591011.844
"Argentina",1992,543487677674.491,33911290.0181209,313120244489.89
"Argentina",1993,588091597641.289,34280198.0695408,338817957426.035
"Argentina",1994,622413803601.144,34643213.5127968,358592053441.545
"Argentina",1995,604704826243.565,34995396.9435437,348389357874.283
"Argentina",1996,638124986359.867,35339123.8125179,367643757074.802
"Argentina",1997,689883602459.331,35686801.5071445,397463514160.866
"Argentina",1998,716445355021.616,36047487.9293451,412766570325.764
"Argentina",1999,692190405307.751,36424215.9441574,398792535409.293
"Argentina",2000,686729030353.619,36807397.8248495,395646066535.875
"Argentina",2001,656452248351.554,37192185.541358,378202665751.853
"Argentina",2002,584935157747.954,37584759.0160787,336999433710.193
"Argentina",2003,636626116266.938,37994727.1654319,366780211148.674
"Argentina",2004,694110738086.543,38429811.3257452,399898899166.738
"Argentina",2005,755551060091.098,38869258.2558873,435296589745.339
"Argentina",2006,816351398559.736,39295026.1347484,470325565798.353
"Argentina",2007,889885482455.565,39727057.5162213,512690850741.56
"Argentina",2008,925990210832.673,40186482.3742039,533491913656.279
"Argentina",2009,871185248000,40659006.8863579,501917060966.235
"Argentina",2010,959396223037.209,41130792.4355861,552738161802.463
"Argentina",2011,1016997908810.97,41599546.2617579,585924294024.785
"Argentina",2012,1006559234253.78,42059551.844058,579910247223.428
"Argentina",2013,1030770242883.07,42520049.9655961,593858966307.156
"Argentina",2014,1004870951838,42990273.4563558,578937574935.696
"Argentina",2015,1032315583600.75,43462380.3212553,594749285413.212
"Argentina",2016,1010840035079.44,43923723.2841286,582376550428.09
"Argentina",2017,1039330591568.54,44353786.093418,598790850843.677
"Argentina",2018,1012127189427.81,44742563.3150841,583118120294.002
"Argentina",2019,991622158178.862,45115284.355549,571304530654.919
"Australia",1990,529298229226.878,16860242.3173095,630972702488.834
"Australia",1991,527207039795.938,17089728.8657152,628479810251.912
"Australia",1992,529388519108.709,17305618.9443109,631080336422.977
"Australia",1993,550741760462.865,17509386.1067654,656535385505.246
"Australia",1994,572663891212.335,17702284.3868196,682668603641.098
"Australia",1995,594618854646.106,17889406.3012717,708840961389.366
"Australia",1996,617537962482.368,18076736.0645553,736162668909.91
"Australia",1997,641673142433.36,18268207.8709486,764934047459.534
"Australia",1998,671280015502.87,18465476.2601598,800228192955.163
"Australia",1999,704418927725.966,18671725.3171464,839732857524.87
"Australia",2000,731978809208.788,18885449.0601203,872586798723.367
"Australia",2001,746898738633.038,19106452.06904,890372741826.771
"Australia",2002,776883187572.023,19335571.0360774,926116992865.178
"Australia",2003,801046780422.893,19574223.1151371,954922242233.238
"Australia",2004,834734377312.501,19821926.6802415,995080989941.195
"Australia",2005,861114807751.544,20082022.6156026,1026528915832.15
"Australia",2006,884596491005.368,20359915.183118,1054521265557.74
"Australia",2007,917932399334.278,20655644.1224392,1094260767801.94
"Australia",2008,950766977829.803,20962543.8355735,1133402638271.95
"Australia",2009,968516200684.018,21275725.2705822,1154561362206.77
"Australia",2010,989555637343.978,21595714.9624042,1179642326916.53
"Australia",2011,1013995151022.54,21925400.984191,1208776499565.85
"Australia",2012,1053717016448.23,22265337.3603731,1256128656424.85
"Australia",2013,1081115891498.42,22607619.9198955,1288790662985.54
"Australia",2014,1108824151458.37,22944404.817977,1321821485124.76
"Australia",2015,1132910082382.91,23279414.1823867,1350534154255.76
"Australia",2016,1163970433130.57,23615057.6255522,1387560980285.63
"Australia",2017,1190694343959.24,23943549.6166181,1419418366737.24
"Australia",2018,1224878850897.8,24260443.1616001,1460169477425.41
"Australia",2019,1250762371287.89,24568113.4912073,1491025040336.15
"Bangladesh",1990,156587099092.043,109054175.165814,52834007311.7358
"Bangladesh",1991,162044516224.857,111452084.324545,54675392830.5312
"Bangladesh",1992,170864089695.163,113670960.554839,57651202535.9186
"Bangladesh",1993,178914456746.146,115785040.073722,60367474528.3118
"Bangladesh",1994,185874455334.185,117749324.944462,62715845616.4941
"Bangladesh",1995,195393602731.684,119594187.40055,65927698356.0697
"Bangladesh",1996,204231097539.642,121352595.271638,68909554894.7531
"Bangladesh",1997,213400862434.587,123051248.719363,72003522586.3165
"Bangladesh",1998,224448682431.005,124702695.304615,75731164300.4426
"Bangladesh",1999,234930786867.074,126319541.770794,79267928092.7913
"Bangladesh",2000,247366365800.347,127913331.950286,83463813143.96
"Bangladesh",2001,259925868052.997,129509278.906637,87701511126.0793
"Bangladesh",2002,269889148727.735,131141078.228361,91063218744.844
"Bangladesh",2003,282680726834.717,132802758.208013,95379221373.1044
"Bangladesh",2004,297491876548.729,134487777.957091,100376647066.682
"Bangladesh",2005,316935781802.484,136185092.019293,106937209452.104
"Bangladesh",2006,338081436016.661,137880246.560919,114071958456.596
"Bangladesh",2007,361945250084.025,139567067.034857,122123840982.243
"Bangladesh",2008,383711876467.608,141250788.37315,129468112024.815
"Bangladesh",2009,403070619485.479,142932649.333272,135999939845.133
"Bangladesh",2010,425528860652.846,144604458.938318,143577568429.643
"Bangladesh",2011,453036659482.283,146281066.973698,152858966788.201
"Bangladesh",2012,482581258491.401,147977949.146445,162827601299.735
"Bangladesh",2013,511601792357.536,149679631.225585,172619411144.635
"Bangladesh",2014,542610280674.236,151361342.103782,183081976119.336
"Bangladesh",2015,578165578311.579,153019081.810348,195078678697.23
"Bangladesh",2016,619293260761.415,154650163.25093,208955558005.097
"Bangladesh",2017,664403662063.264,156229770.82204,224176245316.101
"Bangladesh",2018,716650728824.611,157755553.112879,241804912832.722
"Bangladesh",2019,775076999200.04,159259849.528908,261518503633.701
"Brazil",1990,1567624706702.9,148835518.066145,917211012544.471
"Brazil",1991,1583805565664.73,151374427.087948,926678369092.735
"Brazil",1992,1575188522239.29,153918005.15844,921636571083.558
"Brazil",1993,1652761673948.21,156452127.697092,967024315178.796
"Brazil",1994,1749495672156.71,158979508.88557,1023622994738.33
"Brazil",1995,1823390758978.2,161512280.860884,1066858717622.64
"Brazil",1996,1863666981953.67,164050989.074668,1090424176305.99
"Brazil",1997,1926935605670.19,166600873.110339,1127442397678.23
"Brazil",1998,1933450534524.93,169157180.441854,1131254256770.5
"Brazil",1999,1942497875909.14,171707079.079872,1136547820412.59
"Brazil",2000,2027733700647.98,174243032.92816,1186418964175.19
"Brazil",2001,2055917098445.27,176750917.59912,1202908958700.07
"Brazil",2002,2118693742854.47,179228191.513811,1239639324926.44
"Brazil",2003,2142864415468.1,181676352.61518,1253781489825.37
"Brazil",2004,2266292648014.92,184100380.693533,1325998860262.8
"Brazil",2005,2338862331519.44,186513470.758535,1368459094911.19
"Brazil",2006,2431527793013.17,188918169.43884,1422677289738.78
"Brazil",2007,2579118383830.37,191306273.023535,1509031960385.82
"Brazil",2008,2710503715141.08,193675378.027753,1585904997822.47
"Brazil",2009,2707093576125.91,196018785.476206,1583909738979.16
"Brazil",2010,2910889693644.53,198329101.336728,1703150040884.74
"Brazil",2011,3026580765445.98,200597010.771023,1770840429187.27
"Brazil",2012,3084726708281.22,202818936.318673,1804861390247.16
"Brazil",2013,3177417275728.11,204988648.775459,1859094274468.6
"Brazil",2014,3193430052481.58,207100487.288788,1868463286781.87
"Brazil",2015,3080198578684.53,209170519.81826,1802211999538.68
"Brazil",2016,2979293832697.14,211184310.684993,1743173031958.05
"Brazil",2017,3018705988834.88,213105475.266341,1766232928553.89
"Brazil",2018,3072549644181.22,214924549.129415,1797736638228.88
"Brazil",2019,3115908020202.83,216664813.675699,1823105452462.95
"Canada",1990,NA,27256864.0207177,NA
"Canada",1991,NA,27660066.3086308,NA
"Canada",1992,NA,28040641.1463812,NA
"Canada",1993,NA,28395574.7219385,NA
"Canada",1994,NA,28727260.3690197,NA
"Canada",1995,NA,29036702.6369263,NA
"Canada",1996,NA,29319885.1510907,NA
"Canada",1997,1017832646689.4,29577746.4878024,933745184781.216
"Canada",1998,1046296769028.71,29821756.0332527,959857765527.965
"Canada",1999,1087839800573.38,30060730.1492866,997968751447.134
"Canada",2000,1141337180995.62,30302930.589965,1047046486898.19
"Canada",2001,1157378989954.92,30556819.4289837,1061763014138.36
"Canada",2002,1196986190747.38,30827936.3780011,1098098096475.24
"Canada",2003,1242604413593.63,31115995.7428572,1139947604898.36
"Canada",2004,1291240307990.48,31421356.8864913,1184565482255.99
"Canada",2005,1355748877266.02,31743955.8314804,1243744725655.28
"Canada",2006,1412226902975.83,32086957.0418336,1295556862674.08
"Canada",2007,1509227245114.99,32449352.8746177,1384543596091.58
"Canada",2008,1524434561362.8,32824489.1858883,1398494571594.3
"Canada",2009,1479793017124.4,33204168.8919271,1357541054226.41
"Canada",2010,1525511142773.05,33581477.5166287,1399482212058.69
"Canada",2011,1573517168753.84,33954535.7805945,1443522257095.4
"Canada",2012,1601246043121.22,34320218.1305085,1468960331816.39
"Canada",2013,1638541025091.36,34676430.2625433,1503174217512.03
"Canada",2014,1685567743622.64,35021706.6678791,1546315859831.59
"Canada",2015,1696678616208.21,35354995.6774304,1556508816217.14
"Canada",2016,1713669061092.82,35674264.1999104,1572095608554.66
"Canada",2017,1765762548007.76,35975648.8816573,1619885432081.64
"Canada",2018,1808662588640.47,36256656.8946201,1659241318825.89
"Canada",2019,1842329312225.77,36519840.2725343,1690126691914.86
"Chile",1990,130750312173.046,13280179.3423322,72618523300.3621
"Chile",1991,140954579319.986,13488179.6001527,78285957658.7019
"Chile",1992,156694565230.182,13691057.691504,87027921747.125
"Chile",1993,167018831401.143,13889870.9520506,92762003379.7777
"Chile",1994,175420209280.198,14083505.2886946,97428115797.6043
"Chile",1995,191091015590.012,14270235.2146969,106131657641.837
"Chile",1996,204090778002.623,14450842.9585038,113351705792.927
"Chile",1997,219250416100.724,14627483.4680501,121771345594.589
"Chile",1998,228732074642.188,14799856.6000349,127037444239.219
"Chile",1999,227789478529.812,14967481.6626559,126513927800.812
"Chile",2000,239923683776.338,15132805.6723594,133253246826.376
"Chile",2001,247848476565.384,15294854.5404301,137654664614.505
"Chile",2002,255549055696.952,15450855.5468362,141931554480.374
"Chile",2003,266003689423.326,15600769.9009797,147738042053.808
"Chile",2004,285181331040.904,15745890.4808546,158389274861.642
"Chile",2005,301558811470.143,15889668.9428457,167485302430.417
"Chile",2006,320608813369.011,16036044.9540322,178065644333.8
"Chile",2007,336335716051.779,16188055.0371272,186800342017.73
"Chile",2008,348206787911.37,16346332.2383337,193393517162.85
"Chile",2009,342759999991.689,16506824.3717446,190368379487.202
"Chile",2010,362791502090.253,16663431.284827,201493845099.556
"Chile",2011,384961396301.993,16815077.3208738,213806970419.296
"Chile",2012,405436060916.496,16962503.7314605,225178567814.854
"Chile",2013,421835967006.906,17109290.4767263,234287050561.526
"Chile",2014,429288710857.56,17259543.8854152,238426293091.624
"Chile",2015,439178522668.19,17428426.5703801,243919079437.373
"Chile",2016,446693259327.661,17659697.0361446,248092752678.624
"Chile",2017,451984540685.81,17910321.8054553,251031522247.961
"Chile",2018,468770610029.003,18081319.7792693,260354479474.303
"Chile",2019,473186454051.025,18198359.0378763,262807032486.793
"China",1990,1616385775698.94,1183681981.36521,1027377455186.3
"China",1991,1766108132395.14,1198529585.03678,1122541231136.09
"China",1992,2017328706335.29,1212563101.3417,1282217440754.72
"China",1993,2297409163056.5,1225786038.13375,1460237039293.46
"China",1994,2596917953189.27,1238251069.56692,1650605318474.51
"China",1995,2881383160103.41,1250018992.41055,1831411871441.19
"China",1996,3167290039416.23,1261161149.81227,2013134753753.51
"China",1997,3459845648886.52,1271780777.98423,2199083579879.57
"China",1998,3731303470424.21,1281914721.62234,2371622617326.37
"China",1999,4017182938755.54,1291503578.65951,2553328077173.83
"China",2000,4358245522535.81,1300455786.3824,2770108015881.17
"China",2001,4721537253617.51,1308762934.64563,3001016837141.71
"China",2002,5152785033972.09,1316437079.49014,3275118634989.96
"China",2003,5670023166308.18,1323497204.47881,3603876041862.7
"China",2004,6243467841396.09,1329978712.47271,3968358419670.81
"China",2005,6954885516694.85,1336029209.92573,4420536663139.3
"China",2006,7839613419837.17,1341932974.13769,4982871172219.99
"China",2007,8955257903305.3,1347819837.47844,5691976639213.17
"China",2008,9819501089971.55,1353585307.77471,6241291028839.82
"China",2009,10742409055886.5,1359195349.19565,6827892848558.81
"China",2010,11884957832311.2,1364532476.49477,7554098728366.12
"China",2011,13020070209403.8,1369794515.28724,8275578020537.94
"China",2012,14043934216102.1,1375660037.8237,8926347665676.43
"China",2013,15134607226924.2,1381900348.9869,9619581223621.04
"China",2014,16258467389928.8,1387855975.86641,10333908590028.1
"China",2015,17403279549482.5,1394570128.36299,11061553079871.5
"China",2016,18595188781703.6,1402850421.4356,11819132546495.4
"China",2017,19887033884256.7,1410812256.84947,12640231416523.5
"China",2018,21229363693432.1,1417132645.53062,13493418449040.5
"China",2019,22492450166618.6,1422350422.35813,14296238286985.1
"Czechia",1990,243714053114.922,10297471.0556521,120142052583.973
"Czechia",1991,215406806391.917,10296798.1729976,106187622460.491
"Czechia",1992,214315679650.506,10297275.8703079,105649737161.441
"Czechia",1993,214448350204.84,10297860.3342467,105715138858.682
"Czechia",1994,220687316286.699,10292742.5494198,108790719365.821
"Czechia",1995,235033787200.869,10279120.8789285,115863001168.759
"Czechia",1996,245058957482.61,10264398.6939864,120805040906.55
"Czechia",1997,243788740831.438,10253404.5817816,120178870877.585
"Czechia",1998,242919471616.35,10246192.6941238,119750353168.352
"Czechia",1999,246281838916.112,10242682.4324038,121407876416.485
"Czechia",2000,256135645814.022,10241745.8120967,126265440317.089
"Czechia",2001,263929793484.532,10243710.2971826,130107668072.565
"Czechia",2002,268073109410.314,10249254.3288162,132150170232.227
"Czechia",2003,277680014493.409,10257405.485042,136886020631.13
"Czechia",2004,291048255139.485,10270959.107922,143476070938.564
"Czechia",2005,310262147771.21,10291861.1779251,152947812388.841
"Czechia",2006,331257378446.302,10320397.7386495,163297687890.645
"Czechia",2007,349709536921.897,10357827.6968989,172393922455.409
"Czechia",2008,359104175715.301,10399124.8231299,177025133390.924
"Czechia",2009,342379505288.056,10438914.9905591,168780486813.354
"Czechia",2010,350716111254.443,10473137.9715413,172890126530.82
"Czechia",2011,356889976073.415,10499591.4739973,175933614512.933
"Czechia",2012,354088374418.526,10520874.5259175,174552528075.614
"Czechia",2013,353925834847.049,10540154.2021863,174472402052.95
"Czechia",2014,361932001410.642,10560099.3868531,178419147314.396
"Czechia",2015,381434276021.797,10580351.418225,188033050459.881
"Czechia",2016,391112348862.469,10599883.3452973,192803983942.274
"Czechia",2017,411327867894.58,10618655.6706699,202769490319.63
"Czechia",2018,424484831837.396,10633762.7070935,209255388993.343
"Czechia",2019,437344507522.895,10643486.5176756,215594735504.853
"Denmark",1990,200640457977.719,5144231.12042119,202014449528.001
"Denmark",1991,203436651612.772,5155491.68559078,204829791576.421
"Denmark",1992,207417920539.174,5169796.05237918,208838324345.416
"Denmark",1993,207440088600.79,5186810.45754966,208860644214.547
"Denmark",1994,218501753974.24,5206015.54714588,219998060186.398
"Denmark",1995,225117085256.289,5227051.82169369,226658693444.805
"Denmark",1996,231645705325.201,5249507.80630446,233232021689.227
"Denmark",1997,239199417330.996,5272358.08440173,240837461729.208
"Denmark",1998,244505240117.905,5295013.27972145,246179618941.138
"Denmark",1999,251713308780.504,5316477.26658044,253437048662.499
"Denmark",2000,261144660594.85,5336630.65933156,262932986641.725
"Denmark",2001,263294280697.691,5355263.24292021,265097327404.035
"Denmark",2002,264522141915.722,5371684.68480393,266333597050.533
"Denmark",2003,265553933164.062,5387099.8448674,267372454034.624
"Denmark",2004,272639494374.131,5402933.9083836,274506537368.942
"Denmark",2005,279010101422.197,5420156.8678471,280920770514.868
"Denmark",2006,289927788951.14,5439314.67522088,291913222677.846
"Denmark",2007,292563925272.25,5460750.59977326,294567411335.295
"Denmark",2008,291065948985.469,5484608.3390268,293059176864.39
"Denmark",2009,276784659273.733,5509951.46454475,278680088475.415
"Denmark",2010,281963275745.511,5535212.33290452,283894168259.757
"Denmark",2011,285732498126.509,5560310.44968692,287689202382.588
"Denmark",2012,286379681639.879,5585434.74805443,288340817827.024
"Denmark",2013,289052580545.17,5611735.01186639,291032020819.874
"Denmark",2014,293733480145.142,5640851.05274513,295744975353.148
"Denmark",2015,300614454530.98,5673410.88521636,302673070846.857
"Denmark",2016,310372270416.481,5707978.59529998,312497708532.463
"Denmark",2017,319130157564.111,5741886.85076798,321315569939.823
"Denmark",2018,325479371132.153,5773473.33864389,327708263102.566
"Denmark",2019,332362166899.29,5802733.42384803,334638192450.446
"European Union",1990,11993493910861,478817806.642878,9047175577977.82
"European Union",1991,12162298347181.4,479972597.761452,9215370444922.74
"European Union",1992,12282759093989.7,481087200.663553,9322298363168.84
"European Union",1993,12220666315610.4,482034471.716375,9268795990284.27
"European Union",1994,12546973461026.3,482837908.158395,9514617841227.35
"European Union",1995,12897680640697.2,483569442.405407,9767936305778.29
"European Union",1996,13158223709315.1,484308823.065711,9951641971499.38
"European Union",1997,13495932110155.5,485127735.487998,10215638550886.3
"European Union",1998,13896851565877.4,486059677.971602,10523164810325.1
"European Union",1999,14293444849033.4,487155075.755571,10833406575742.6
"European Union",2000,14851392237649,488509767.296278,11255894044855.7
"European Union",2001,15187502817287.2,490093292.942868,11500718826012.8
"European Union",2002,15378976437875.8,491771180.260487,11628335365643.9
"European Union",2003,15546939249076.9,493530016.642263,11733889721114
"European Union",2004,15977503722332.5,495443315.792648,12037993601108.7
"European Union",2005,16309889505541.4,497431146.918382,12269626658754.7
"European Union",2006,16907083803905.1,499384442.608831,12698269365174.3
"European Union",2007,17470550663321.2,501316578.688392,13098877695355.6
"European Union",2008,17623483122498.3,503189271.288689,13182853432101.8
"European Union",2009,16870192054307.5,504889853.443702,12609662729638.2
"European Union",2010,17222553445381.2,506360843.087717,12893296991141.7
"European Union",2011,17533269235657.3,507575517.856503,13132830568205
"European Union",2012,17408615657337.3,508637611.407305,13040022845513.5
"European Union",2013,17407984016564.1,509618400.645249,13035859115627.8
"European Union",2014,17693948153266.7,510634101.857974,13241268912467.8
"European Union",2015,18116125426330.3,511618953.710444,13547247755711.5
"European Union",2016,18494840217123.9,512585587.834149,13819319725751.6
"European Union",2017,19041729260892.4,513593287.137405,14208149465740.9
"European Union",2018,19465789720785.1,514319950.133246,14501630494668
"European Union",2019,19850656049450.4,514700065.133047,14765425953123.2
"France",1990,1964407999761.79,57769932.3992964,1660423065362.52
"France",1991,1984998449952.7,57987726.112649,1677827218892.41
"France",1992,2016745377298.02,58171636.9361131,1704661425648.31
"France",1993,2004066777707.34,58323696.7525097,1693944792851.35
"France",1994,2051329529863.81,58473985.9108794,1733893807426.03
"France",1995,2094544791698.16,58648009.5747918,1770421665963.64
"France",1996,2124140577072.54,58841038.755165,1795437612080.28
"France",1997,2173766799653.82,59056456.2929271,1837384358698.48
"France",1998,2251775886794.82,59304994.5412042,1903321825666.9
"France",1999,2328817556993.87,59597157.8236618,1968441579917.58
"France",2000,2420192654831.56,59945015.682927,2045676716441.08
"France",2001,2468202534897.63,60325193.9225728,2086257243621.11
"France",2002,2496229751724.52,60715955.6214055,2109947351420.97
"France",2003,2516777735437.39,61114107.6150993,2127315610004.57
"France",2004,2587996327114.77,61524717.9282793,2187513385781.34
"France",2005,2631040399116.79,61946762.364994,2223896545485.41
"France",2006,2695483092567.33,62364224.6264839,2278366968438.45
"France",2007,2760841448046.81,62760012.9364989,2333611358079.22
"France",2008,2767880101784.03,63127282.728687,2339560805961.64
"France",2009,2688350220063.27,63471395.9023474,2272337881797.86
"France",2010,2740757930694.59,63800049.3288584,2316635691390.19
"France",2011,2800854547180.79,64119609.1738147,2367432576851.88
"France",2012,2809624996095.14,64432579.4949946,2374845830958.32
"France",2013,2825817614408.69,64744204.0307272,2388532700966.84
"France",2014,2852837603528.6,65053947.9347503,2411371445853.84
"France",2015,2884587185274.82,65339260.4708346,2438207896251.84
"France",2016,2916186811083.79,65593224.826585,2464917595843.98
"France",2017,2983008898740.32,65821984.2369711,2521399210474.97
"France",2018,3038643985600.27,66024289.4222518,2568424971659.46
"France",2019,3094645337796.63,66204314.9643178,2615760319962.67
"Germany",1990,2915150994424.49,79941306.0629622,2341197530114.32
"Germany",1991,3064064530978.03,80370419.7598536,2460792022696.87
"Germany",1992,3122988837727.55,80829907.2225208,2508114937252.42
"Germany",1993,3092481926945.04,81236879.850395,2483614421048.62
"Germany",1994,3166450756937.7,81543037.2265856,2543019797447.8
"Germany",1995,3215345395334.72,81769788.9419386,2582287748531.6
"Germany",1996,3241255384570.8,81936254.7603281,2603096414333.41
"Germany",1997,3299343893679.88,82048627.5913015,2649748088402.54
"Germany",1998,3365790462050.97,82123579.9810741,2703112233879.92
"Germany",1999,3429311717966.11,82208635.5705206,2754127021018.8
"Germany",2000,3529190523385.25,82316669.1271845,2834341052129.13
"Germany",2001,3588532749669.38,82427473.9049889,2881999603563.9
"Germany",2002,3581428393772.84,82502578.554933,2876293998430.63
"Germany",2003,3556354215986.8,82523512.1690302,2856156584205.91
"Germany",2004,3598144512296.86,82500997.0038147,2889718941247.11
"Germany",2005,3624472393448.37,82426763.231432,2910863221746.79
"Germany",2006,3762798276996.62,82306031.2698662,3021954625771.29
"Germany",2007,3874796279393.35,82156933.1286953,3111901749296.1
"Germany",2008,3911989640347.39,81976417.3656114,3141772244844.63
"Germany",2009,3689247352728.98,81794512.0588524,2962884875160.65
"Germany",2010,3843453557160.8,81658666.5422705,3086729981515.2
"Germany",2011,3994316515792.48,81589100.4077308,3207890081561.39
"Germany",2012,4011032634316.5,81700876.9278771,3221315024377.87
"Germany",2013,4028584564290.57,81975036.5864582,3235411218771.44
"Germany",2014,4117597889907.18,82407480.3458789,3306899034832.93
"Germany",2015,4179029631006.81,82920601.137185,3356235704119.75
"Germany",2016,4272221986254.43,83475259.1400439,3431079755885.36
"Germany",2017,4386727409191.68,84116229.608986,3523040623050.77
"Germany",2018,4434368344223.24,84614495.0112208,3561301707859.6
"Germany",2019,4481173467804.77,84914055.85214,3598891541091.34
"India",1990,1583371286872.99,855585631.78333,465242720842.326
"India",1991,1600104852332.85,871554154.015438,470159552155.668
"India",1992,1687828937099.71,887858305.810517,495935560738.554
"India",1993,1768013912871.85,904576505.75415,519496349422.92
"India",1994,1885744616830,921800601.512296,554089216863.597
"India",1995,2028580188961.13,939521704.839876,596058659383.044
"India",1996,2181728301661.9,957649473.235095,641058240489.184
"India",1997,2270084389293.16,975970167.793775,667019950767.341
"India",1998,2410475847412.53,994403954.228329,708271238131.198
"India",1999,2623700648732.91,1013075571.66819,770923180565.542
"India",2000,2724476758631.99,1031995203.02146,800534271756.884
"India",2001,2855904598336.36,1051095491.81979,839151774957.445
"India",2002,2964542504459.12,1070451596.54829,871072901385.714
"India",2003,3197566854313.91,1090204676.95266,939542554364.62
"India",2004,3450908049335.18,1110406180.08564,1013981915397.82
"India",2005,3724338354435.93,1130831357.45065,1094324068978.9
"India",2006,4024547309301.9,1151206286.38894,1182534605661.62
"India",2007,4332860435872.94,1171458706.81211,1273126394881.57
"India",2008,4466602754869.29,1191531076.00984,1312423962607.78
"India",2009,4817762098070.4,1211502198.94134,1415605275566.11
"India",2010,5227155513074.6,1231356657.96419,1535897532897.39
"India",2011,5501127199128.23,1250832185.91363,1616398760695.38
"India",2012,5801290084908.24,1269855533.65363,1704595760877.17
"India",2013,6171766642358.14,1288494245.57445,1813453059872.84
"India",2014,6629108597811.81,1306763702.98011,1947834059120.86
"India",2015,7159188945023.47,1324613656.97852,2103587813812.75
"India",2016,7750273455775.05,1341968968.19297,2277266450219.57
"India",2017,8276934253114.33,1358783438.47461,2432015436983.77
"India",2018,8817665458350.89,1374960963.90229,2590898738237.41
"India",2019,9174036185837.28,1390706967.59053,2695611314661.46
"Indonesia",1990,822263546711.531,185377573.964752,269915109658.485
"Indonesia",1991,879098261926.202,188289819.317253,288571595709.615
"Indonesia",1992,936217728784.172,191168803.476031,307321553946.56
"Indonesia",1993,997038253342.028,194017916.402993,327286416333.046
"Indonesia",1994,1072214649455.24,196843206.978882,351963717524.103
"Indonesia",1995,1160350772973.99,199652237.114434,380895161146.503
"Indonesia",1996,1251069167151.14,202453416.140191,410674257411.067
"Indonesia",1997,1309867902385.79,205250644.639499,429975449993.557
"Indonesia",1998,1137925138526.78,208043346.495743,373533752988.269
"Indonesia",1999,1146927561091.29,210833105.540506,376488875933.227
"Indonesia",2000,1203357174106.19,213625807.405553,395012383689.125
"Indonesia",2001,1247201088984.9,216424569.269791,409404527351.182
"Indonesia",2002,1303318595058.28,219226684.910909,427825583308.405
"Indonesia",2003,1365622034733.52,222026873.815508,448277225387.513
"Indonesia",2004,1434324757866.34,224735591.851003,470829487520.977
"Indonesia",2005,1515974717436.42,227425765.649881,497631791817.584
"Indonesia",2006,1599367755718.47,230170013.636257,525006276753.314
"Indonesia",2007,1700847995305.04,232879307.2406,558318041704.736
"Indonesia",2008,1803131952430.77,235548017.132326,591893633878.692
"Indonesia",2009,1886596607760.4,238161332.842911,619291627728.719
"Indonesia",2010,2004015629604,240708524.036516,657835435591.365
"Indonesia",2011,2127659069439.35,243181059.743324,698422462409.202
"Indonesia",2012,2255957989050.89,245567566.877349,740537690664.799
"Indonesia",2013,2381327523213.48,247858367.489915,781691322850.807
"Indonesia",2014,2500552696432.02,250047862.723422,820828015498.845
"Indonesia",2015,2622487705196.92,252132612.59537,860854235065.079
"Indonesia",2016,2754479325709.95,254112527.30203,904181624278.983
"Indonesia",2017,2894125530220.37,255987082.854976,950021696789.269
"Indonesia",2018,3043876022674.53,257760386.447201,999178589070.128
"Indonesia",2019,3196622583021.45,259465835.493022,1049318966508.58
"Iran (Islamic Republic of)",1990,486487487544.428,58540074.0943739,187893633325.744
"Iran (Islamic Republic of)",1991,546796667262.587,58944413.9591701,211186546689.944
"Iran (Islamic Republic of)",1992,562448080076.186,58779089.7250688,217231513714.836
"Iran (Islamic Republic of)",1993,568231989336.028,59378799.3011019,219465404109.722
"Iran (Islamic Republic of)",1994,559856080076.837,60402670.0999728,216230418496.711
"Iran (Islamic Republic of)",1995,572643622997.792,61438090.5875208,221169287352.013
"Iran (Islamic Republic of)",1996,602404606020.258,62540207.8991581,232663723230.852
"Iran (Islamic Republic of)",1997,605406541932.088,63741772.6937849,233823145949.68
"Iran (Islamic Republic of)",1998,618569308064.897,65026708.9703666,238906935392.641
"Iran (Islamic Republic of)",1999,624349939185.476,66259473.0105933,241139559688.167
"Iran (Islamic Republic of)",2000,660617795640.259,67311742.3150081,255147112804.533
"Iran (Islamic Republic of)",2001,666257479582.58,68197109.2782384,257325299775.138
"Iran (Islamic Republic of)",2002,714808675240.978,69160660.8489869,276076985662.5
"Iran (Islamic Republic of)",2003,777082654673.475,70248754.9408981,300128753810.301
"Iran (Islamic Republic of)",2004,811149523617.299,71193745.9534091,313286230509.642
"Iran (Islamic Republic of)",2005,837023604275.651,72046532.704289,323279447495.346
"Iran (Islamic Republic of)",2006,878873070782.479,72946201.0724747,339442757993.632
"Iran (Islamic Republic of)",2007,950551967995.288,73907107.0005337,367126940577.809
"Iran (Islamic Republic of)",2008,952936489901.362,74897816.4180871,368047902567.887
"Iran (Islamic Republic of)",2009,962536233523.702,75787627.3008232,371755563616.481
"Iran (Islamic Republic of)",2010,1018343490474.87,76580536.0817698,393309721828.087
"Iran (Islamic Republic of)",2011,1045285986669.78,77393392.4937448,403715587611.97
"Iran (Islamic Republic of)",2012,967469075268.072,78287666.9117822,373660750454.172
"Iran (Islamic Republic of)",2013,965591474452.695,79226719.6256599,372935574065.941
"Iran (Islamic Republic of)",2014,1010041694690.22,80132153.4390497,390103360692.306
"Iran (Islamic Republic of)",2015,996702628342.058,80998769.8293107,384951479697.42
"Iran (Islamic Republic of)",2016,1130223330592.33,81858871.7074515,436520513870.61
"Iran (Islamic Republic of)",2017,1172665437001.49,82702730.8496319,452912716719.377
"Iran (Islamic Republic of)",2018,1102000948422.41,83517188.9843805,425620324116.955
"Iran (Islamic Republic of)",2019,1027238739231.39,84297882.1428947,396745289342.132
"Israel",1990,NA,4961855.40126668,NA
"Israel",1991,NA,5100094.47672234,NA
"Israel",1992,NA,5241591.93391569,NA
"Israel",1993,NA,5385312.27878589,NA
"Israel",1994,NA,5530090.62772563,NA
"Israel",1995,145462695740.13,5675164.21613015,139622933236.139
"Israel",1996,154230893332.309,5819296.2705065,148039121735.775
"Israel",1997,160284321292.751,5963507.94364956,153849528064.834
"Israel",1998,167012716647.843,6106754.73794921,160307804468.076
"Israel",1999,172976045778.289,6249800.54503515,166031729085.374
"Israel",2000,188357550563.975,6393456.24999482,180795726169.547
"Israel",2001,188550177220.06,6536459.62080173,180980619613.224
"Israel",2002,188180863418.581,6679905.66890444,180626132327.087
"Israel",2003,190343730675.647,6824248.0056092,182702168860.684
"Israel",2004,199699156117.01,6966870.11948301,191682010291.154
"Israel",2005,208004267327.004,7108088.63677391,199653703529.008
"Israel",2006,220020295618.228,7250189.22896321,211187334934.18
"Israel",2007,233445639118.823,7394718.4095251,224073703014.451
"Israel",2008,241520191513.143,7542457.41948449,231824093477.981
"Israel",2009,244280706390.67,7693976.99964811,234473784400.326
"Israel",2010,258167349521.499,7848457.60296665,247802932721.582
"Israel",2011,272476507220.977,8004064.44115721,261537633291.883
"Israel",2012,280168508678.34,8160595.94832411,268920830753.398
"Israel",2013,293552725255.394,8318405.16994281,281767722996.441
"Israel",2014,305661032074.613,8477387.18941869,293389928304.961
"Israel",2015,312629123715.228,8638256.6371221,300078278118.434
"Israel",2016,326580991869.529,8802877.22658382,313470032931.693
"Israel",2017,340875586977.724,8971515.7835025,327190755542.215
"Israel",2018,354454108942.855,9141304.1534659,340224152566.357
"Israel",2019,367829753077.531,9309583.13862327,353062816517.302
"Italy",1990,2075111958974.29,56798241.3826818,1558620815393.29
"Italy",1991,2107036468228.05,56761253.2340977,1582599379262.55
"Italy",1992,2124614956279.92,56711982.3457797,1595802617411.85
"Italy",1993,2106496117473.54,56648277.849835,1582193520711.18
"Italy",1994,2151807346894.48,56571855.8056911,1616226877340.99
"Italy",1995,2213926512372.78,56500315.8348428,1662884708948.87
"Italy",1996,2241972196957.13,56454898.43956,1683949879715.24
"Italy",1997,2283005046386.13,56442441.0895269,1714769736426.27
"Italy",1998,2324341481904.68,56463558.8243321,1745817617266.98
"Italy",1999,2362128942879.25,56532210.057335,1774199856105.29
"Italy",2000,2451581706371.57,56663250.3106772,1841388008807.42
"Italy",2001,2499421174463.09,56858750.7828697,1877320330647.85
"Italy",2002,2505768279550.37,57110090.3201661,1882087654195.74
"Italy",2003,2509241948206.38,57434520.6141054,1884696733792.44
"Italy",2004,2544963369995.62,57858722.7462398,1911527166394.1
"Italy",2005,2565777326796.92,58318046.1551693,1927160571705.51
"Italy",2006,2611721153731.97,58757706.9406456,1961669073615.54
"Italy",2007,2650559353331.67,59190624.9029481,1990840524373.51
"Italy",2008,2625060632005.45,59618547.5077973,1971688382893.58
"Italy",2009,2486432828349.62,60007465.424696,1867564757449.76
"Italy",2010,2529032778541.47,60327684.7902227,1899561666732.94
"Italy",2011,2546921470741.52,60566986.6141464,1912997899849.23
"Italy",2012,2471000141707.7,60712000.0295012,1855973235106.36
"Italy",2013,2425507411807.47,60782774.5537623,1821803553097.19
"Italy",2014,2425397110830.38,60799247.4097838,1821720705808.82
"Italy",2015,2444274082066.12,60766788.3522594,1835899237320.04
"Italy",2016,2475889856374.81,60691001.2059241,1859645909743.75
"Italy",2017,2517184209191.25,60591930.8409602,1890662182181.27
"Italy",2018,2540488576005.39,60465536.6425905,1908166139521.5
"Italy",2019,2550911649193.86,60313169.9531274,1915994931005.09
"Japan",1990,4068103986341.16,125866635.067892,3520159136984.85
"Japan",1991,4207131308344.69,126261579.519133,3640460461504.69
"Japan",1992,4242810709216.04,126635045.078133,3671334099297.89
"Japan",1993,4220836350466.16,126987641.876437,3652319531333.93
"Japan",1994,4262752056513.44,127338244.677759,3688589488080.59
"Japan",1995,4374905046770.48,127662402.533428,3785636263364.36
"Japan",1996,4512008926993.96,127961425.710638,3904273220115.03
"Japan",1997,4556282054981.99,128264182.276943,3942583070731.74
"Japan",1998,4498402214615.76,128543895.521557,3892499235707.73
"Japan",1999,4483380702001.18,128792666.644577,3879501014654.61
"Japan",2000,4607330376800.63,129030947.515784,3986755544464.21
"Japan",2001,4625119437239.31,129256716.242665,4002148544213.45
"Japan",2002,4627060252951.37,129461119.989963,4003827945768.8
"Japan",2003,4698091434761.48,129632856.953244,4065291729511.6
"Japan",2004,4800797148955.08,129761219.664945,4154163710034.48
"Japan",2005,4887398770601.17,129848478.046905,4229100705435.47
"Japan",2006,4954470993866.83,129922880.378624,4287138774363.71
"Japan",2007,5027993827924.14,129997842.738856,4350758602409.6
"Japan",2008,4966436652531.57,130048804.942056,4297492743392.06
"Japan",2009,4683685675291.75,130067467.563365,4052826324007.5
"Japan",2010,4875619269863.28,130047379.982411,4218907820177.17
"Japan",2011,4876780131592.51,129958182.383133,4219912322037.65
"Japan",2012,4943823715180.79,129821337.8528,4277925608850.6
"Japan",2013,5042952333233.2,129657045.320022,4363702302795.86
"Japan",2014,5057889836119.82,129456788.592132,4376627829637.51
"Japan",2015,5136824615194.47,129224601.163636,4444930651964.18
"Japan",2016,5175547373033.96,128942333.323576,4478437728055.55
"Japan",2017,5262254961496.86,128611872.500227,4553466417292.21
"Japan",2018,5291663140462.92,128230200.045991,4578913522439.24
"Japan",2019,5305966751733.76,127788411.12697,4591290538384.75
"Kenya",1990,84684789721.6244,23193466.6775652,30431944786.3549
"Kenya",1991,85902850677.1226,23934141.7444424,30869661687.6543
"Kenya",1992,85216062574.5534,24685173.0752744,30622860607.0114
"Kenya",1993,85517043369.5553,25445014.2778501,30731019710.4981
"Kenya",1994,87768522848.1452,26213245.6563241,31540101239.8411
"Kenya",1995,91635794006.3352,26991171.3012124,32929826392.9266
"Kenya",1996,95435783094.9704,27780216.6972217,34295373364.3985
"Kenya",1997,95889009461.7174,28580228.0009441,34458242751.1432
"Kenya",1998,99043962809.9652,29392565.7905816,35591992582.8782
"Kenya",1999,101327311033.532,30220586.404252,36412526320.9441
"Kenya",2000,101934966248.246,31067448.6398192,36630890563.2609
"Kenya",2001,105788012659.455,31934588.1331651,38015503975.3104
"Kenya",2002,106366524488.274,32822183.1250221,38223395381.6748
"Kenya",2003,109485696808.228,33729629.3103884,39344287104.167
"Kenya",2004,115074174984.823,34658030.9383908,41352537462.5716
"Kenya",2005,121871222247.424,35609476.5181504,43795093766.7873
"Kenya",2006,129759330159.053,36584965.6944836,46629728713.92
"Kenya",2007,138648791220.431,37583820.7263989,49824205420.8892
"Kenya",2008,138970848439.511,38601995.3219374,49939938453.247
"Kenya",2009,143566530758.283,39635706.5979526,51591422161.7176
"Kenya",2010,155135801742.052,40682046.9846631,55748903297.985
"Kenya",2011,163080470778.919,41737718.177179,58603863796.4468
"Kenya",2012,170531095002.544,42799642.3059542,61281286574.995
"Kenya",2013,177007607452.939,43864384.9891805,63608656932.133
"Kenya",2014,185893585829.636,44929093.5719341,66801882117.2141
"Kenya",2015,195128260767.744,45992809.8210669,70120413328.7838
"Kenya",2016,203350023339.972,47054772.7023734,73074948912.6476
"Kenya",2017,211108856550.069,48112149.2239323,75863128285.0281
"Kenya",2018,222992388234.553,49165433.9372707,80133540731.9138
"Kenya",2019,234099934843.54,50227709.4482585,84125098675.5269
"Mexico",1990,1254868455670.13,85487693.2405209,626274262888.783
"Mexico",1991,1307758084624.53,87086922.2270235,652670187687.28
"Mexico",1992,1354067137753.94,88765697.7844657,675781907471.657
"Mexico",1993,1380351691180.64,90487703.2580947,688899887486.446
"Mexico",1994,1448555981850.09,92210498.8789313,722938986701.871
"Mexico",1995,1357423981459.04,93887151.2064399,677457226352.726
"Mexico",1996,1449365819303.77,95469570.2454222,723343156837.845
"Mexico",1997,1548601755928.37,96971885.6755703,772869394254.07
"Mexico",1998,1628570391754.09,98409573.4108359,812779791419.35
"Mexico",1999,1673413960949.48,99804248.8557684,835160123888.656
"Mexico",2000,1756121671424.3,101178869.494401,876437526455.268
"Mexico",2001,1749020088772.35,102550719.425227,872893299631.652
"Mexico",2002,1748323200787.2,103911530.340153,872545499822.64
"Mexico",2003,1773610644818.55,105256620.551143,885165846839.51
"Mexico",2004,1843146660769.6,106592702.488415,919869577686.507
"Mexico",2005,1885682929642.06,107920348.800902,941098392797.58
"Mexico",2006,1970445846167.37,109240883.580706,983401498615.029
"Mexico",2007,2015597543061.93,110559740.55964,1005935610109.39
"Mexico",2008,2038647605904.25,111863629.835004,1017439334703.69
"Mexico",2009,1930889909604.8,113142945.202199,963660094723.917
"Mexico",2010,2029715136393.72,114409075.266296,1012981356870.87
"Mexico",2011,2104063762786.11,115671180.904708,1050086944297.42
"Mexico",2012,2180700554407.38,116922876.582407,1088334499223.12
"Mexico",2013,2210229245319.37,118149411.032748,1103071549191.52
"Mexico",2014,2273215767224.61,119347135.454488,1134506587182.86
"Mexico",2015,2348076207005.29,120523339.264352,1171867608197.72
"Mexico",2016,2409843112983.73,121674993.612748,1202693965604.17
"Mexico",2017,2460766209923.96,122790600.011001,1228108442202.22
"Mexico",2018,2514779898431.96,123873386.371928,1255065357728.63
"Mexico",2019,2510338810804.89,124940174.748336,1252848919131.02
"Netherlands",1990,545153271086.373,14923328.6996903,464895446984.72
"Netherlands",1991,558450292099.653,15027941.2736526,476234871794.948
"Netherlands",1992,567977850008.497,15131571.1315478,484359776344.962
"Netherlands",1993,575120467717.308,15232037.8899108,490450853164.076
"Netherlands",1994,592150317150.525,15328786.490008,504973556932.433
"Netherlands",1995,610601934122.13,15420799.0309027,520708714684.51
"Netherlands",1996,631965321180.333,15508719.6690922,538926969810.704
"Netherlands",1997,659323437432.31,15598993.4865063,562257406145.201
"Netherlands",1998,690073736371.623,15694518.2985665,588480625794.635
"Netherlands",1999,724812380543.623,15793296.961745,618105023861.259
"Netherlands",2000,755222916811.528,15893011.9420735,644038500923.846
"Netherlands",2001,772796614892.407,15989444.1581192,659024987583.284
"Netherlands",2002,774475697879.233,16078936.3620755,660456874865.422
"Netherlands",2003,775681137534.12,16159607.8290757,661484848899.321
"Netherlands",2004,791077987029.629,16229954.055835,674614964057.773
"Netherlands",2005,807302016462.365,16291346.3385738,688450481177.563
"Netherlands",2006,835242650078.475,16346681.4108754,712277676285.67
"Netherlands",2007,866755039931.981,16401304.7589187,739150791322.307
"Netherlands",2008,885566439963.833,16460522.6384372,755192764635.222
"Netherlands",2009,853093746422.164,16525504.51225,727500722452.721
"Netherlands",2010,864548571731.448,16593846.3197579,737269160825.437
"Netherlands",2011,877959356777.055,16662252.8637545,748705601252.125
"Netherlands",2012,868913267500.893,16727788.0030333,740991283205.157
"Netherlands",2013,867782157148.544,16792033.3088933,740026695664.856
"Netherlands",2014,880134128412.903,16858118.7053588,750560201573.466
"Netherlands",2015,897377449761.458,16923158.4284799,765264949780.999
"Netherlands",2016,917045394441.436,16985755.1876405,782037366674.046
"Netherlands",2017,943739691874.959,17046767.413825,804801712034.334
"Netherlands",2018,966020584715.913,17104045.1968102,823802397136.841
"Netherlands",2019,984911971364.286,17156788.0676799,839912581383.842
"New Zealand",1990,93523506990.7846,3417314.24787236,87934354504.0883
"New Zealand",1991,92503670407.7176,3452261.66854794,86975465402.1165
"New Zealand",1992,93516032269.9369,3492754.34150356,87927326487.5608
"New Zealand",1993,99493039489.1017,3536145.02291025,93547135758.9916
"New Zealand",1994,104585579114.634,3580273.79401525,98335334995.38
"New Zealand",1995,109525308982.649,3622740.54416644,102979856692.062
"New Zealand",1996,113486726351.878,3660952.92027017,106704531808.435
"New Zealand",1997,115812917627.933,3692609.61503914,108891705224.987
"New Zealand",1998,116736417979.46,3721955.41307582,109760015341.969
"New Zealand",1999,123099600814.144,3752358.50057592,115742921599.052
"New Zealand",2000,126675672515.525,3785895.51804939,119105280078.105
"New Zealand",2001,131064790326.241,3824531.40153671,123232095399.153
"New Zealand",2002,137191285287.177,3871822.710567,128992458724.873
"New Zealand",2003,143433217143.078,3926212.31490526,134861360205.025
"New Zealand",2004,149210907125.986,3984469.07409416,140293763838.282
"New Zealand",2005,154166416383.368,4042777.1964503,144953121916.351
"New Zealand",2006,158607855014.957,4099133.49260256,149129131261.005
"New Zealand",2007,163409724567.152,4150488.85676327,153644031451.036
"New Zealand",2008,161587638611.342,4195796.63133488,151930837009.013
"New Zealand",2009,161369220711.66,4234887.4124613,151725472201.398
"New Zealand",2010,163834932940.565,4269347.08096901,154043828518.628
"New Zealand",2011,167532256362.416,4299791.30979471,157520192471.975
"New Zealand",2012,171286052568.556,4326738.2673676,161049654282.676
"New Zealand",2013,175903554326.188,4351139.93785358,165391204867.588
"New Zealand",2014,182612218639.783,4375050.81227633,171698945936.993
"New Zealand",2015,189382339873.814,4399774.00376513,178064471137.921
"New Zealand",2016,196446452455.24,4424608.16171208,184706418173.26
"New Zealand",2017,203544615883.473,4448997.22260665,191380381108.457
"New Zealand",2018,210069743091.864,4472728.56825027,197515553618.438
"New Zealand",2019,213502141135.292,4495667.09720521,200742824665.702
"Nigeria",1990,310358599711.53,90186896.0220406,151245202579.557
"Nigeria",1991,311470777836.836,92901044.0174234,151787193702.158
"Nigeria",1992,325895590531.836,95745824.2044188,158816751511.271
"Nigeria",1993,319263228179.704,98726346.5820152,155584641982.288
"Nigeria",1994,313468841684.775,101834033.938212,152760898222.443
"Nigeria",1995,313241060282.361,105065650.412685,152649894872.176
"Nigeria",1996,326384417250.402,108408985.780025,159054968516.195
"Nigeria",1997,335970652075.625,111868719.264866,163726571073.571
"Nigeria",1998,344642908316.617,115447703.687476,167952769906.823
"Nigeria",1999,346656060234.375,119129828.716479,168933827206.049
"Nigeria",2000,364044102047.63,122913598.45997,177407437761.555
"Nigeria",2001,385587083999.677,126804591.349117,187905850476.826
"Nigeria",2002,444694328612.319,130809355.709869,216710230937.582
"Nigeria",2003,477366887957.523,134932048.058239,232632354125.246
"Nigeria",2004,521525989891.598,139175794.662509,254152145501.925
"Nigeria",2005,555104526933.413,143542859.448733,270515773388.94
"Nigeria",2006,588740686241.184,148025655.189443,286907481990.637
"Nigeria",2007,627545352358.029,152610729.292545,305817928143.344
"Nigeria",2008,669995486886.938,157295066.336312,326504898642.379
"Nigeria",2009,723842522354.13,162073254.348645,352745852800.291
"Nigeria",2010,781790864062.299,166945553.630226,380985472030.909
"Nigeria",2011,823287730557.914,171913723.804432,401207892113.29
"Nigeria",2012,858113305207.652,176975471.476156,418179231389.034
"Nigeria",2013,915360921849.015,182127627.666403,446077370458.38
"Nigeria",2014,973117620702.128,187362921.209021,474223597521.154
"Nigeria",2015,998931446583.028,192678416.030747,486803295097.89
"Nigeria",2016,982780034192.258,198076472.014208,478932323772.273
"Nigeria",2017,990700126987.351,203552375.984882,482791975286.219
"Nigeria",2018,1009748886411.97,209113827.847129,492074893435.56
"Nigeria",2019,1032048476445.27,214823785.7115,502942019447.736
"Peru",1990,115857374579.764,21729937.4549785,59593009486.0916
"Peru",1991,118428549911.38,22130007.6856802,60915532773.7387
"Peru",1992,117788432792.831,22524150.1381258,60586278760.7225
"Peru",1993,123964759972.525,22914078.8054402,63763166943.6607
"Peru",1994,139222796570.106,23298519.5513724,71611371022.1401
"Peru",1995,149541148019.887,23677673.9456633,76918772627.4153
"Peru",1996,153726764495.18,24053100.9940904,79071708366.0509
"Peru",1997,163683377119.305,24424888.6143406,84193044083.4447
"Peru",1998,163042495225.226,24790314.8782985,83863396696.4583
"Peru",1999,165479834839.104,25151537.7447001,85117079539.329
"Peru",2000,169938476178.581,25508090.6778387,87410449785.3084
"Peru",2001,170988512981.172,25859343.8149889,87950552246.3255
"Peru",2002,180313421017.577,26205859.3365816,92746961064.3748
"Peru",2003,187823516721.464,26544600.7382661,96609893451.2561
"Peru",2004,197136188349.39,26877381.4242483,101400008285.783
"Peru",2005,209526316709.744,27206641.3433308,107773059976.197
"Peru",2006,225301341565.557,27533000.5210707,115887184858.498
"Peru",2007,244493383489.085,27857405.1073321,125758904639.434
"Peru",2008,266807239125.777,28178384.3358219,137236376966.525
"Peru",2009,269730975976.69,28519345.7836463,138740245654.411
"Peru",2010,292206199250.197,28910710.9865036,150300719889.204
"Peru",2011,310694647686.192,29392582.6199547,159810535617.601
"Peru",2012,329770443729.172,30002467.5780669,169622462555.073
"Peru",2013,349070319002.42,30779213.3568004,179549648065.8
"Peru",2014,357385723339.321,31518306.7890052,183826803243.25
"Peru",2015,369008781843.158,32123369.0304667,189805300841.603
"Peru",2016,383596875076.523,32622505.8903331,197308909322.23
"Peru",2017,393259049121.626,33235028.4690887,202278796061.116
"Peru",2018,408868117687.445,33688266.5488881,210307558791.895
"Peru",2019,417879467756.579,33995397.384855,214942684282.182
"Poland",1990,431222044557.598,38157806.7751456,195133033161.457
"Poland",1991,400969322234.922,38249590.3267818,181443321462.531
"Poland",1992,411053614927.884,38315029.6973353,186006582189.344
"Poland",1993,426420074587,38364755.5411282,192960085425.276
"Poland",1994,448989645072.257,38395442.4536466,203173080798.594
"Poland",1995,480880775841.745,38404624.2300052,217604191537.339
"Poland",1996,510288489110.083,38400038.0865872,230911526727.683
"Poland",1997,543197316042.918,38385706.77251,245803156917.363
"Poland",1998,568405099925.379,38362329.8563628,257209974797.719
"Poland",1999,594863365295.846,38329131.9915761,269182650218.862
"Poland",2000,621995237431.301,38292279.3262255,281460140602.202
"Poland",2001,629822911518.435,38258853.1325858,285002254940.974
"Poland",2002,642645476499.997,38227360.0631582,290804615996.817
"Poland",2003,665127761818.116,38201449.5883478,300978113808.197
"Poland",2004,698269918161.278,38184522.9570939,315975328292.877
"Poland",2005,722757194894.766,38181015.6669521,327056108237.167
"Poland",2006,767070436448.409,38194430.7872524,347108369810.32
"Poland",2007,821237448677.349,38224249.731511,371619578193.394
"Poland",2008,855729163569.686,38268076.0827203,387227483751.161
"Poland",2009,879964936994.052,38319168.5662572,398194455498.077
"Poland",2010,912880212729.686,38371076.7804434,413089003846.664
"Poland",2011,956311727064.407,38416490.2985458,432742273511.076
"Poland",2012,968981865798.016,38446367.6582904,438475659901.844
"Poland",2013,979890308858.181,38462497.5106728,443411858336.649
"Poland",2014,1012996703658.55,38474580.6993524,458392890303.754
"Poland",2015,1055910555005.04,38481351.7590316,477811911394.084
"Poland",2016,1089084369107.39,38482942.0720484,492823451386.125
"Poland",2017,1141694288588.02,38480908.3524202,516630057036.742
"Poland",2018,1202817214016.77,38466580.7067833,544288897731.795
"Poland",2019,1259890291288.39,38434444.9228139,570115134633.24
"Russian Federation",1990,3178789510692.26,151023674.382027,1161487695457.81
"Russian Federation",1991,3018357928804.38,151514092.381393,1102868114734.13
"Russian Federation",1992,2579758111413.28,151765835.957031,942609535354.691
"Russian Federation",1993,2356130738812.49,151665109.770043,860899047519.714
"Russian Federation",1994,2059970854378.75,151300234.202065,752686138014.082
"Russian Federation",1995,1974615376879.48,150884495.067161,721498374080.086
"Russian Federation",1996,1900467198324.36,150530110.304465,694405609132.078
"Russian Federation",1997,1927072138995.13,150250795.840291,704126703002.417
"Russian Federation",1998,1824938055136.31,149983881.60861,666808257949.712
"Russian Federation",1999,1941732533805.55,149588823.848031,709483417602.604
"Russian Federation",2000,2135907084569.99,149082073.96138,780432233409.801
"Russian Federation",2001,2244839440007.34,148576244.522501,820234677092.259
"Russian Federation",2002,2350346712051.79,148090967.970052,858785640548.236
"Russian Federation",2003,2521920901963,147601578.299065,921476583049.999
"Russian Federation",2004,2703497892225.57,147108809.851454,987822416663.347
"Russian Federation",2005,2876520823211.47,146553003.446707,1051042710015.96
"Russian Federation",2006,3112397494085.71,146037203.762942,1137228929627.05
"Russian Federation",2007,3376950589149.21,145727741.194629,1233893135821.89
"Russian Federation",2008,3552550981878.81,145541185.329451,1298055199647.43
"Russian Federation",2009,3275452221520.73,145436890.272036,1196806973081.95
"Russian Federation",2010,3422847571490.17,145392364.891402,1250663286871.01
"Russian Federation",2011,3570031016049.49,145435744.291318,1304442173222.47
"Russian Federation",2012,3713692139974.43,145605869.137647,1356934050143.93
"Russian Federation",2013,3778883114348.69,145818124.352188,1380753971008.75
"Russian Federation",2014,3806705792055.25,146030595.272383,1390920009905.68
"Russian Federation",2015,3731610175003.83,146234063.021791,1363481063446.77
"Russian Federation",2016,3738837933428.46,146405827.106294,1366121990896.57
"Russian Federation",2017,3807101264909.28,146559555.250292,1391064510462.35
"Russian Federation",2018,3913975940441.31,146682140.849793,1430115105089.32
"Russian Federation",2019,3993546395726.8,146717427.495964,1459189098326.43
"South Africa",1990,414406429730.625,36829455.0945087,185160490990.624
"South Africa",1991,410186861107.232,37664592.4086143,183275150074.018
"South Africa",1992,401420934535.096,38513419.1202307,179358455853.951
"South Africa",1993,406372541698.859,39381145.421479,181570878123.149
"South Africa",1994,419376463045.298,40267963.9804435,187381146228.486
"South Africa",1995,432377133401.984,41165523.3808016,193189961762.588
"South Africa",1996,450969350126.457,42071721.7287508,201497130113.101
"South Africa",1997,462694553236.344,42967781.0306205,206736055498.991
"South Africa",1998,465008026004.106,43835951.0566832,207769735777.192
"South Africa",1999,476168218616.409,44678035.9439631,212756209430.574
"South Africa",2000,496167283801.528,45475581.4773108,221691970228.101
"South Africa",2001,509563800465.117,46211361.8478455,227677653424.683
"South Africa",2002,528419568909.918,46875099.443878,236102579035.79
"South Africa",2003,544003060782.332,47465881.9494149,243065422272.369
"South Africa",2004,568780006082.761,47994736.4762933,254135982543.496
"South Africa",2005,598794822615.523,48477051.6658449,267546870424.295
"South Africa",2006,632350125561.164,48924575.2758978,282539679229.874
"South Africa",2007,666247089971.937,49357887.1353052,297685145427.081
"South Africa",2008,687507327004.33,49796822.2888619,307184409060.741
"South Africa",2009,676932851503.589,50251073.1365589,302459639039.778
"South Africa",2010,697509801974.927,50727494.107293,311653604140.269
"South Africa",2011,719610792599.171,51232645.5017902,321528523981.702
"South Africa",2012,736854339454.923,51770165.9446456,329233094599.263
"South Africa",2013,755168618329.594,52330033.043136,337416077838.151
"South Africa",2014,765845392014.537,52895031.6223129,342186555600.731
"South Africa",2015,775968813043.715,53450948.4092771,346709790458.563
"South Africa",2016,781125531699.056,53993576.2102403,349013858372.625
"South Africa",2017,790170550983.232,54522942.6701982,353055253707.071
"South Africa",2018,801925265373.742,55052072.1023065,358307364996.503
"South Africa",2019,802831871531.356,55588424.5221186,358712444718.331
"Spain",1990,1070558378398.64,38781370.4968433,737019496584.769
"Spain",1991,1097814800580.42,38868248.7816262,755784017007.437
"Spain",1992,1108015866402.98,38963871.2849341,762806879607.809
"Spain",1993,1096586772895.41,39066365.7034194,754938588710.898
"Spain",1994,1122720578385.82,39182281.0633559,772930250403.552
"Spain",1995,1153679530908.98,39320100.5766618,794243755639.522
"Spain",1996,1184373456934.88,39494274.1516151,815374804972.54
"Spain",1997,1228225835056.49,39718453.4350019,845564711753.314
"Spain",1998,1282182254748.16,40001491.1849397,882710685369.584
"Spain",1999,1339758537546.96,40355860.1841331,922348732037.409
"Spain",2000,1410042199157.1,40810156.8852519,970735097454.978
"Spain",2001,1465498437519.32,41374770.5674893,1008913612242.14
"Spain",2002,1505521525651.77,42027004.814593,1036467267290.14
"Spain",2003,1550414594279.47,42727737.173179,1067373631209.9
"Spain",2004,1598830867453.38,43436203.3243124,1100705524174.5
"Spain",2005,1657220693140.08,44146409.274454,1140903649565.53
"Spain",2006,1725211935879.96,44836167.5211956,1187711812957.12
"Spain",2007,1787400443011.53,45504907.8606061,1230525117812.13
"Spain",2008,1803257279933.43,46132688.2970398,1241441662114.08
"Spain",2009,1735396526250.81,46637796.9871479,1194723333131.55
"Spain",2010,1738225400134.26,46976019.3335233,1196670854394.8
"Spain",2011,1724069753884.88,47151798.3984575,1186925484611.08
"Spain",2012,1673046921517.68,47174029.98981,1151799121598.68
"Spain",2013,1649032102052.6,47074294.3142317,1135266263129.81
"Spain",2014,1671853188290.09,46911949.0180206,1150977303115.72
"Spain",2015,1735971644688.39,46735918.0690528,1195119269971.52
"Spain",2016,1788594176239.12,46563112.2093055,1231346936295.09
"Spain",2017,1841780549395.31,46389646.5948789,1267962775991.18
"Spain",2018,1883934958796.44,46209720.0646715,1296983726387.29
"Spain",2019,1923218608937.71,46021217.7361228,1324028319783.9
"Sweden",1990,292342589047.893,8588882.99004922,295881542676.808
"Sweden",1991,288992416447.247,8647229.45360283,292490814556.963
"Sweden",1992,285644171233.113,8702214.33699277,289102037155.611
"Sweden",1993,279743858473.285,8751412.96343593,283130298151.25
"Sweden",1994,290737716123.949,8793092.22187521,294257241961.393
"Sweden",1995,302178806162.26,8824859.64107587,305836832131.49
"Sweden",1996,306951588675.273,8846212.92147089,310667391570.025
"Sweden",1997,316376618833.072,8861237.30196608,320206516443.849
"Sweden",1998,330018260897.139,8874244.94689305,334013297425.391
"Sweden",1999,344034744145.196,8887877.92087319,348199457231.41
"Sweden",2000,360432640290.285,8904843.88790855,364795858131.684
"Sweden",2001,365657106430.004,8927036.71090728,370083569053.714
"Sweden",2002,373690304416.503,8955797.02108858,378214012929.902
"Sweden",2003,382321842642.945,8991727.88747966,386950040254.662
"Sweden",2004,398902591003.098,9033876.05269643,403731506887.751
"Sweden",2005,410306431198.75,9082556.8117803,415273396287.166
"Sweden",2006,429438090953.82,9138991.24563322,434636654376.703
"Sweden",2007,444207419292.345,9201969.83271973,449584772840.507
"Sweden",2008,442206001645.583,9270876.51013283,447559127029.566
"Sweden",2009,423015187266.165,9346058.26523316,428135998219.291
"Sweden",2010,448193503870.461,9425750.22880682,453619110971.171
"Sweden",2011,462514779856.249,9507213.66854684,468113753183.843
"Sweden",2012,459793784274.097,9591211.85816367,465359818585.788
"Sweden",2013,465255103186.95,9679353.66894857,470887249502.535
"Sweden",2014,477620645295.275,9771160.84385153,483402482698.498
"Sweden",2015,499062380984.548,9865173.59996815,505103781349.757
"Sweden",2016,509395932462.041,9958754.972913,515562425649.407
"Sweden",2017,522476835542.435,10049054.0498468,528801679620.708
"Sweden",2018,532665253199.002,10136504.7208887,539113433181.757
"Sweden",2019,543245028479.227,10222545.7537205,549821281946.735
"Turkey",1990,681003078590.509,59772730.2678423,288740474060.216
"Turkey",1991,685908200997.455,60902865.7323295,290820211162.193
"Turkey",1992,720448034016.13,61979812.223939,305464855325.057
"Turkey",1993,775571423748.613,63013782.5583695,328836781507.983
"Turkey",1994,739366606775.355,64007902.9031911,313486195960.325
"Turkey",1995,797615881250.547,64966954.5404997,338183475098.096
"Turkey",1996,856477257076.237,65898790.4975629,363140280866.026
"Turkey",1997,921378222805.483,66804700.7663216,390657829906.207
"Turkey",1998,943529539715.799,67678111.6699602,400049831127.377
"Turkey",1999,912740581874.789,68504267.0470372,386995531429.888
"Turkey",2000,976023074296.955,69269021.3806023,413826859269.854
"Turkey",2001,919901683550.057,69977238.7407445,390031787736.966
"Turkey",2002,979214387209.344,70677922.8203217,415179953304.473
"Turkey",2003,1035648530177.5,71362183.2787301,439107629560.404
"Turkey",2004,1137100001409.4,71971164.9228018,482122333632.277
"Turkey",2005,1239351500966.41,72511899.2132815,525476244038.33
"Turkey",2006,1325461495593.74,73021350.6750201,561986270867.401
"Turkey",2007,1392311251253.93,73510539.4105615,590330093012.939
"Turkey",2008,1403658930084.4,73958882.1247854,595141428332.854
"Turkey",2009,1335958298911.15,74345198.8319196,566436841006.172
"Turkey",2010,1448540898468.99,74765800.4906721,614171064520.319
"Turkey",2011,1610779080942.57,75365399.2123965,682958902917.534
"Turkey",2012,1687911119825.11,76213120.3175034,715662340203.413
"Turkey",2013,1831144168517.56,77328735.3225651,776392136706.161
"Turkey",2014,1921597474636.28,78447284.3136655,814743696794.687
"Turkey",2015,2038516821336.51,79340127.5277008,864316670330.882
"Turkey",2016,2106258451913.1,80100593.4251364,893038641113.713
"Turkey",2017,2264269908091.15,80666154.908465,960034377547.426
"Turkey",2018,2331742552755.64,81032871.1933021,988642300211.803
"Turkey",2019,2352485388488.15,81359692.9303787,997437115405.82
"United Kingdom",1990,1787110375687.49,57473216.9288791,1801533517464.78
"United Kingdom",1991,1767396374006.97,57607305.4299477,1781660410982.96
"United Kingdom",1992,1774485084078.42,57763024.6022014,1788806331550.06
"United Kingdom",1993,1818666763534.25,57931800.0815188,1833344585862.95
"United Kingdom",1994,1888612853987.15,58115446.7389781,1903855186708.2
"United Kingdom",1995,1936426299125.83,58315430.6616625,1952054517412.47
"United Kingdom",1996,1983453242430.37,58536415.4665785,1999460998701.84
"United Kingdom",1997,2080821472647.71,58785897.9114203,2097615053794.97
"United Kingdom",1998,2146450027882.53,59047772.8611908,2163773274107.94
"United Kingdom",1999,2210631275826.27,59302929.4984981,2228472506419.7
"United Kingdom",2000,2291813815825.91,59557737.8287301,2310310242259.62
"United Kingdom",2001,2339315238781.37,59826726.9677546,2358195032558.94
"United Kingdom",2002,2388984112668.27,60115997.5878159,2408264766526.86
"United Kingdom",2003,2461367701666.11,60436649.6485746,2481232538113.9
"United Kingdom",2004,2519348411794.58,60798469.00042,2539681190241.87
"United Kingdom",2005,2584682170545.18,61199877.4155824,2605542234871.46
"United Kingdom",2006,2651473063388.92,61636636.809248,2672872173613
"United Kingdom",2007,2711647896547.77,62105374.8077526,2733532656769.68
"United Kingdom",2008,2705149755456.56,62588204.6417398,2726982071458.17
"United Kingdom",2009,2590252407818.98,63077684.732029,2611157427578.93
"United Kingdom",2010,2645462037057.95,63577097.1639957,2666812634394.31
"United Kingdom",2011,2684021323230.37,64070291.1210903,2705683119057.25
"United Kingdom",2012,2723473417715.04,64534141.510539,2745453617575.54
"United Kingdom",2013,2774947564861.64,64961868.2116041,2797343194531.22
"United Kingdom",2014,2857950820022.01,65368083.4198235,2881016339886.08
"United Kingdom",2015,2932903343315.73,65763782.9029347,2956573778737.76
"United Kingdom",2016,2999288541091.92,66147938.0388432,3023494748188.97
"United Kingdom",2017,3063306948134.75,66523624.0213368,3088029825367.96
"United Kingdom",2018,3113879863562.9,66882536.082027,3139010897079.7
"United Kingdom",2019,3165942197251,67220446.9393551,3191493407624.4
"United States of America",1990,10093989661327.6,253605577.348783,9804840807000
"United States of America",1991,10083061424936.8,256407531.893241,9794225617000
"United States of America",1992,10438231266479.2,259199026.483214,10139221389000
"United States of America",1993,10725468535601.7,261928157.189776,10418230561000
"United States of America",1994,11157575489424.8,264585943.530854,10837959532000
"United States of America",1995,11457069058167.2,267211573.65063,11128873914000
"United States of America",1996,11889294492954.1,269823901.268284,11548717972000
"United States of America",1997,12410256647397.4,272481986.7261,12054756829000
"United States of America",1998,12966410827138.5,275176563.172281,12594979613000
"United States of America",1999,13582734932260.6,277906660.151681,13193648716000
"United States of America",2000,14143360145648.7,280681769.468788,13738214458000
"United States of America",2001,14284559079314.7,283445253.125824,13875368657000
"United States of America",2002,14533352566469,286202437.817041,14117035294000
"United States of America",2003,14949182415099.3,289006392.718643,14520953428000
"United States of America",2004,15517085579083.6,291859776.433278,15072588639000
"United States of America",2005,16062233970920.8,294756652.389408,15602120903000
"United States of America",2006,16520806300529.3,297709207.205644,16047557132000
"United States of America",2007,16830764952336.3,300693771.787063,16348636818000
"United States of America",2008,16807777526679,303597885.585003,16326307882000
"United States of America",2009,16381405042441.5,306354111.742461,15912149113000
"United States of America",2010,16801386027043.2,308963220.579558,16320099471000
"United States of America",2011,17061947886833.7,311450116.743033,16573197368000
"United States of America",2012,17445764227858.7,313850574.908228,16946019042000
"United States of America",2013,17767129348328.8,316179477.4929,17258178451000
"United States of America",2014,18215922317850.4,318456984.947184,17694115456000
"United States of America",2015,18776155677330.2,320644690.691496,18238300569000
"United States of America",2016,19097495832657.7,322670865.457127,18550435728000
"United States of America",2017,19542979183000,324552201.225562,18983157920000
"United States of America",2018,20128577587582,326319089.279729,19551981480000
"United States of America",2019,20563591679246.6,327978729.925463,19974534312000
"Uruguay",1990,34411212184.2178,3139417.61740379,23958440935.2029
"Uruguay",1991,35628959087.489,3159389.82009361,24806284280.5597
"Uruguay",1992,38454901478.4848,3178670.54612247,26773816650.4891
"Uruguay",1993,39476858215.6713,3197215.35086626,27485343172.5756
"Uruguay",1994,42351303527.4804,3215417.13426603,29486645185.878
"Uruguay",1995,41738226494.2822,3233273.94599539,29059796814.191
"Uruguay",1996,44066367139.517,3250166.05126148,30680740006.7497
"Uruguay",1997,47833020600.8436,3265441.68402781,33303232466.2847
"Uruguay",1998,49994542231.771,3278337.75317674,34808168940.1149
"Uruguay",1999,49025041992.6726,3288845.8712049,34133164697.5803
"Uruguay",2000,48078892687.1007,3297930.90439985,33474418294.4582
"Uruguay",2001,46230677574.0132,3306161.1369455,32187618155.4394
"Uruguay",2002,42656118252.6399,3313308.79284284,29698869200.2434
"Uruguay",2003,42999621111.7939,3319369.60044902,29938029416.9209
"Uruguay",2004,45151391095.3424,3324704.2808516,31436176409.8546
"Uruguay",2005,48519744533.0914,3330132.04775438,33781356709.0888
"Uruguay",2006,50508363799.6715,3336013.65015481,35165911748.4727
"Uruguay",2007,53812373893.5871,3341903.53175833,37466293678.0781
"Uruguay",2008,57674027693.407,3348264.98780781,40154929114.1067
"Uruguay",2009,60121421699.2389,3355942.05296832,41858901192.1605
"Uruguay",2010,64812942531.2416,3364088.62724975,45125322733.7231
"Uruguay",2011,68158672844.9449,3371988.4814958,47454751923.1645
"Uruguay",2012,70570248494.2376,3379481.23975946,49133785850.974
"Uruguay",2013,73842971037.4088,3387513.35009238,51412384155.7392
"Uruguay",2014,76234590698.07,3396101.46540022,53077523938.4551
"Uruguay",2015,76517223783.9927,3404846.32992336,53274304222.136
"Uruguay",2016,77810210426.862,3413319.58962209,54174532436.9212
"Uruguay",2017,79076769218.66,3421401.37883854,55056360541.1392
"Uruguay",2018,79454682779.5513,3428964.06899557,55319478843.3587
"Uruguay",2019,79733129453.3458,3436136.69871619,55513344382.0673
"Global",1990,51091242790155.8,5349847687.12039,35843022940264.6
"Global",1991,51780665178950.3,5432749143.20385,36361271036866.6
"Global",1992,52596449885657.9,5514502679.77064,37108664122796.7
"Global",1993,53464195268177.6,5594965199.46822,37779546499530.8
"Global",1994,54964595689685.6,5675159816.62734,39025101349280.2
"Global",1995,56685632586016,5755320348.90858,40230654845258.1
"Global",1996,58833191154435.2,5836023416.59317,41684552604553.5
"Global",1997,61105927424204.3,5916721055.54805,43297269129890.2
"Global",1998,62601596529277.6,5996594265.15296,44506636815367.8
"Global",1999,64776911663854,6075911237.45137,46066534448652.7
"Global",2000,67840633822135.2,6155409246.18943,48140001787003.1
"Global",2001,69394734270956,6235525182.81536,49102706293100.6
"Global",2002,71269822006323.4,6316473135.67039,50250590074895.9
"Global",2003,73921373647594.9,6397854819.34707,51838634036947.3
"Global",2004,77674450562111.6,6479707013.48798,54161233311650.6
"Global",2005,81208530286352.8,6561892000.52541,56353970775737.3
"Global",2006,85376220799260.3,6645998171.07706,58887434411236.8
"Global",2007,89779608457518.9,6732947419.23497,61501366222913.3
"Global",2008,92168566449305.7,6819313522.63813,62731550647349.1
"Global",2009,91520565911599,6903480101.96256,61911084381469.6
"Global",2010,96144588608797.9,6987319280.68748,64694120917945
"Global",2011,99861184956306.4,7071902345.17536,66854588709443.3
"Global",2012,102979665766381,7157214714.73287,68641282553982.5
"Global",2013,106354162832502,7242360592.53533,70593736843923.8
"Global",2014,109993694611275,7326205519.66063,72794979296549.3
"Global",2015,113726687938164,7409940790.37109,75100825214751.5
"Global",2016,117454188593515,7494563644.74217,77222100192971.6
"Global",2017,121870884368958,7578009141.49823,79843511322075.4
"Global",2018,126229581821792,7658565143.69507,82448562920018.5
"Global",2019,129799089714905,7737464622.80812,84593996092259
